<?xml version="1.0" encoding="utf-8"?>
<ApplicationInstallerManifest>
   <DefaultInstallationDirectory>%ProgramFiles%\Tianjin University Tunerl Lab\FBCCATool\</DefaultInstallationDirectory>
   <ApplicationName>FBCCATool</ApplicationName>
   <ExecutableName>application\ </ExecutableName>
   <GUID>b3568c05-f509-40f8-9fe6-1c53f1fce501</GUID>
   <ApplicationIcon>default_icon_48.png</ApplicationIcon>
   <Logo>default_logo.png</Logo>
   <Version>1.0</Version>
   <AddRemoveProgramIcon>application\default_icon.ico</AddRemoveProgramIcon>
   <AuthorOrganization>Tianjin University Tunerl Lab</AuthorOrganization>
   <WelcomePanelText>FBCCATool 1.0
Yukun
zerozyk@126.com</WelcomePanelText>
   <MCRProducts>
      <MCRProduct>
         <ExternalProductIdentifier>35000</ExternalProductIdentifier>
      </MCRProduct>
      <MCRProduct>
         <ExternalProductIdentifier>35010</ExternalProductIdentifier>
      </MCRProduct>
      <MCRProduct>
         <ExternalProductIdentifier>35051</ExternalProductIdentifier>
      </MCRProduct>
   </MCRProducts>
</ApplicationInstallerManifest>